id,title,26/09/2026,27/09/2026,28/09/2026,29/09/2026,30/09/2026,01/10/2026,02/10/2026,03/10/2026,04/10/2026,05/10/2026,06/10/2026,07/10/2026,08/10/2026,09/10/2026,10/10/2026,11/10/2026,12/10/2026,13/10/2026,14/10/2026,15/10/2026,16/10/2026,17/10/2026,18/10/2026,19/10/2026,20/10/2026,21/10/2026,22/10/2026,23/10/2026,24/10/2026,25/10/2026,26/10/2026,27/10/2026,28/10/2026,29/10/2026,30/10/2026,31/10/2026
9636x,薬屋のひとりごと,829384,829624,829888,829986,830218,830316,830490,830788,0,0,0,0,0,0,0,0,0,0,0,0,0,0,0,0,0,0,0,0,0,0,0,0,0,0,0,0
4395il,捨てられ公爵夫人は、平穏な生活をお望みのようです,523512,523720,523844,523996,524104,524144,524210,524334,0,0,0,0,0,0,0,0,0,0,0,0,0,0,0,0,0,0,0,0,0,0,0,0,0,0,0,0
9151in,忠告はしましたよ？,67848,67848,67846,67866,67868,67868,67866,67864,0,0,0,0,0,0,0,0,0,0,0,0,0,0,0,0,0,0,0,0,0,0,0,0,0,0,0,0
2256im,『魔物を倒したら魔力が溜まる』というスキルを授かり「本末転倒！」と僻地に追放されましたが、おかげさまで廃墟のリノベーションがはかどります,114008,114094,114132,114146,114176,114212,114258,114268,0,0,0,0,0,0,0,0,0,0,0,0,0,0,0,0,0,0,0,0,0,0,0,0,0,0,0,0
9043in,初夜に寝取られたので、しっかりお仕置きしようと思います,48042,48042,48044,48044,48042,48040,48036,48046,0,0,0,0,0,0,0,0,0,0,0,0,0,0,0,0,0,0,0,0,0,0,0,0,0,0,0,0
0356io,【短編】傲慢天才魔法使いの婚約者へ意趣返しで家を出てやった騎士令嬢のその後。,75150,75154,75154,75156,75160,75160,75158,75158,0,0,0,0,0,0,0,0,0,0,0,0,0,0,0,0,0,0,0,0,0,0,0,0,0,0,0,0
0277io,聖女様をお探しでしたら妹で間違いありません。さあどうぞお連れください、今すぐ。,82350,82360,82360,82362,82386,82374,82372,82374,0,0,0,0,0,0,0,0,0,0,0,0,0,0,0,0,0,0,0,0,0,0,0,0,0,0,0,0
2961in,【完結・連載版】勇者な王太子殿下が魔王に呪われましたが私が即座に口付けします　〜報酬に3食とおやつと昼寝付き生活ありだと思う〜,75640,75654,75654,75668,75668,75674,75672,75672,0,0,0,0,0,0,0,0,0,0,0,0,0,0,0,0,0,0,0,0,0,0,0,0,0,0,0,0
1209io,目覚めたらギロチンで処刑された悪役令嬢の中にいました,50172,50172,50172,50172,50180,50180,50180,50180,0,0,0,0,0,0,0,0,0,0,0,0,0,0,0,0,0,0,0,0,0,0,0,0,0,0,0,0
1717io,伯爵夫人がゴボウで素振りをしている,64240,64240,64262,64262,64262,64274,64276,64276,0,0,0,0,0,0,0,0,0,0,0,0,0,0,0,0,0,0,0,0,0,0,0,0,0,0,0,0
7332im,【資格マスター】の現代ダンジョン攻略記,57924,57932,57932,57930,57932,57926,57940,57938,0,0,0,0,0,0,0,0,0,0,0,0,0,0,0,0,0,0,0,0,0,0,0,0,0,0,0,0
1675io,ＶＲゲームで攻略などせずに勉強だけしてたら伝説になった,51148,51156,51160,51158,51156,51154,51156,51156,0,0,0,0,0,0,0,0,0,0,0,0,0,0,0,0,0,0,0,0,0,0,0,0,0,0,0,0
2085io,夕暮れ、図書館にて。自称悪役令嬢に求婚された,42420,42420,42420,42430,42430,42428,42428,42428,0,0,0,0,0,0,0,0,0,0,0,0,0,0,0,0,0,0,0,0,0,0,0,0,0,0,0,0
2693io,スキルツリーの解錠者〜A級パーティーを追放されたので【解錠&施錠】を活かして、S級冒険者を目指す〜,49718,49720,49722,49726,49728,49722,49718,49712,0,0,0,0,0,0,0,0,0,0,0,0,0,0,0,0,0,0,0,0,0,0,0,0,0,0,0,0
2543io,侍女曰く、根性でいけるらしい。,69464,69494,69510,69512,69528,69530,69542,69552,0,0,0,0,0,0,0,0,0,0,0,0,0,0,0,0,0,0,0,0,0,0,0,0,0,0,0,0
9804ik,３００年石化していた悪役令嬢の幸福論,15646,15644,15652,15652,15654,15656,15654,15656,0,0,0,0,0,0,0,0,0,0,0,0,0,0,0,0,0,0,0,0,0,0,0,0,0,0,0,0
3888io,女神の加護はそんなにも大事ですか？,67594,67674,67764,67884,67998,68104,68172,68230,0,0,0,0,0,0,0,0,0,0,0,0,0,0,0,0,0,0,0,0,0,0,0,0,0,0,0,0
5826in,自称無能で無価値で無意味な異母妹はやっぱ優秀だと思うんだけど,34208,34216,34216,34216,34224,34226,34224,34224,0,0,0,0,0,0,0,0,0,0,0,0,0,0,0,0,0,0,0,0,0,0,0,0,0,0,0,0
3960io,【連載版】クラス転移したら、なぜか引きこもりの俺まで異世界に連れてかれたんだが　～『自宅』のギフトが最強だったので、快適な異世界ライフを送ろうと思います～,188604,188612,188620,188648,188656,188682,188698,188714,0,0,0,0,0,0,0,0,0,0,0,0,0,0,0,0,0,0,0,0,0,0,0,0,0,0,0,0
8269hq,婚約者は義妹の方が大切なので、ふたりが結婚できるようにしてあげようと思います,76092,76106,76110,76102,76104,76108,76126,76124,0,0,0,0,0,0,0,0,0,0,0,0,0,0,0,0,0,0,0,0,0,0,0,0,0,0,0,0
4514io,枯れ木令嬢が嫁いできたので、徹底的に健康にした結果,20204,20204,20206,20206,20206,20206,20206,20206,0,0,0,0,0,0,0,0,0,0,0,0,0,0,0,0,0,0,0,0,0,0,0,0,0,0,0,0
4785io,これを恋と呼ぶなら,30932,30932,30932,30932,30934,30934,30934,30936,0,0,0,0,0,0,0,0,0,0,0,0,0,0,0,0,0,0,0,0,0,0,0,0,0,0,0,0
4701io,「趣味は人間観察」な令嬢、今日も夜会で他の貴族を“観察”する,29720,29720,29720,29720,29720,29720,29720,29720,0,0,0,0,0,0,0,0,0,0,0,0,0,0,0,0,0,0,0,0,0,0,0,0,0,0,0,0
4908io, 白い結婚ですか？　わたくしは夫婦の営みがなくても子供を産めますよ,0,0,0,0,0,0,0,0,0,0,0,0,0,0,0,0,0,0,0,0,0,0,0,0,0,0,0,0,0,0,0,0,0,0,0,0
5454io,婚約者に消えろと言われたので湖に飛び込んだら、気づけば三年が経っていました。,35522,35522,35522,35522,35534,35534,35532,35532,0,0,0,0,0,0,0,0,0,0,0,0,0,0,0,0,0,0,0,0,0,0,0,0,0,0,0,0
5020io,『とばっちり令嬢』、お散歩中に断罪される　～ケーキの恨みは、ざまぁで晴らす～,47822,47822,47824,47824,47824,47834,47832,47834,0,0,0,0,0,0,0,0,0,0,0,0,0,0,0,0,0,0,0,0,0,0,0,0,0,0,0,0
4947io,乙女ゲームに転生した悪役令嬢、断罪を避けるために王太子殿下から逃げ続けるも、王太子殿下はヒロインに目もくれず悪役令嬢を追いかける。結局断罪されたのは……。,15346,15346,15344,15344,15344,15344,15344,15344,0,0,0,0,0,0,0,0,0,0,0,0,0,0,0,0,0,0,0,0,0,0,0,0,0,0,0,0
4990io,バッドランド・サガ ～カリスマ極振り異世界転生～,26982,26982,26982,26982,26982,26982,26982,26982,0,0,0,0,0,0,0,0,0,0,0,0,0,0,0,0,0,0,0,0,0,0,0,0,0,0,0,0
5287io,推しから溺愛される義妹に転生しました,72556,72562,72596,72728,72894,72976,73052,73114,0,0,0,0,0,0,0,0,0,0,0,0,0,0,0,0,0,0,0,0,0,0,0,0,0,0,0,0
6596io,バッドエンドしかない悪役令嬢に転生したので、好きに生きます,29236,29236,29236,29236,29238,29236,29236,29236,0,0,0,0,0,0,0,0,0,0,0,0,0,0,0,0,0,0,0,0,0,0,0,0,0,0,0,0
5418hv,逃亡賢者（候補）のぶらり旅　〜召喚されましたが、逃げ出して安寧の地探しを楽しみます〜,107660,107680,107678,107670,107666,107668,107678,107694,0,0,0,0,0,0,0,0,0,0,0,0,0,0,0,0,0,0,0,0,0,0,0,0,0,0,0,0
0753hr,【書籍2巻発売/コミカライズ連載中】悪役令嬢の矜持〜婚約者を奪い取って義姉を追い出した私は、どうやら今から破滅するようです。〜,197940,197938,197968,197978,198008,198034,198060,198072,0,0,0,0,0,0,0,0,0,0,0,0,0,0,0,0,0,0,0,0,0,0,0,0,0,0,0,0
3459im,【完結】ゆるキャラ好きの悪役令嬢はオネエ公爵に拾われる,24050,24050,24052,24052,24068,24068,24064,24064,0,0,0,0,0,0,0,0,0,0,0,0,0,0,0,0,0,0,0,0,0,0,0,0,0,0,0,0
2468ca,治癒魔法の間違った使い方～戦場を駆ける回復要員～,271220,271256,271284,271302,271316,271328,271320,271356,0,0,0,0,0,0,0,0,0,0,0,0,0,0,0,0,0,0,0,0,0,0,0,0,0,0,0,0
2873ii,初夜に自白剤を盛るとは何事か！　悪役令嬢は、洗いざらいすべてをぶちまけた,69858,69856,69856,69876,69876,69890,69902,69906,0,0,0,0,0,0,0,0,0,0,0,0,0,0,0,0,0,0,0,0,0,0,0,0,0,0,0,0
5610io,冷徹公爵様にお決まりの「君を好きになることはない」と言われたので「以下同文です」と返したら「考え直してくれ」と懇願された件について,37838,37838,37838,37838,37838,37838,37838,37850,0,0,0,0,0,0,0,0,0,0,0,0,0,0,0,0,0,0,0,0,0,0,0,0,0,0,0,0
6633io,私が妻でなくてもいいのでは？,35444,35440,35438,35438,35438,35440,35438,35438,0,0,0,0,0,0,0,0,0,0,0,0,0,0,0,0,0,0,0,0,0,0,0,0,0,0,0,0
6477io,イチャつくのに邪魔だからと冒険者パーティ追放されました！～それなら不労所得目指して賃貸経営いたします～,55292,55286,55296,55300,55298,55296,55294,55292,0,0,0,0,0,0,0,0,0,0,0,0,0,0,0,0,0,0,0,0,0,0,0,0,0,0,0,0
6187io,ミニャのオモチャ箱　～ネコミミ少女交流記～,43790,43804,43824,43824,43844,43842,43832,43832,0,0,0,0,0,0,0,0,0,0,0,0,0,0,0,0,0,0,0,0,0,0,0,0,0,0,0,0
5826io,【完結】転移者がワンナイトした激重美青年にとっ捕まるお話,30538,30538,30538,30542,30542,30542,30542,30542,0,0,0,0,0,0,0,0,0,0,0,0,0,0,0,0,0,0,0,0,0,0,0,0,0,0,0,0
6016io,どうやら今どきギャルな幼馴染の姉は何でも完璧にできる双子の兄の劣化版と呼ばれている俺の事を病的に愛しているヤンデレらしい,17484,17484,17494,17492,17492,17490,17490,17490,0,0,0,0,0,0,0,0,0,0,0,0,0,0,0,0,0,0,0,0,0,0,0,0,0,0,0,0
6956in,「健康な身体ってすごい！（ドラゴンをワンパンしながら）」　病弱少女、転生して健康な肉体（最強）を手に入れる～友達が欲しくて旅立ちましたが、どうやら私の魔法は少しおかしいようです～,25860,25882,25912,25928,25948,25956,25962,25986,0,0,0,0,0,0,0,0,0,0,0,0,0,0,0,0,0,0,0,0,0,0,0,0,0,0,0,0
1368io,異世界から帰ってきた勇者は既に擦り切れている。,26642,26666,26684,26686,26690,26690,26700,26710,0,0,0,0,0,0,0,0,0,0,0,0,0,0,0,0,0,0,0,0,0,0,0,0,0,0,0,0
6731io,お貴族様なんて馬鹿馬鹿しくてやってられませんわ,14474,14474,14474,14474,14474,14474,14474,14474,0,0,0,0,0,0,0,0,0,0,0,0,0,0,0,0,0,0,0,0,0,0,0,0,0,0,0,0
6390io,私の婚約者は強面かつハゲですが何か？,0,0,0,0,0,0,0,0,0,0,0,0,0,0,0,0,0,0,0,0,0,0,0,0,0,0,0,0,0,0,0,0,0,0,0,0
6956io,今更引き止められたって、振り向いてあげない,12926,12928,12928,12928,12928,12928,12930,12930,0,0,0,0,0,0,0,0,0,0,0,0,0,0,0,0,0,0,0,0,0,0,0,0,0,0,0,0
5634io,華麗なるサファイアは悪役令嬢の汚名を着ない,13496,13496,13508,13508,13508,13508,13508,13508,0,0,0,0,0,0,0,0,0,0,0,0,0,0,0,0,0,0,0,0,0,0,0,0,0,0,0,0
4293io,異世界に聖女として召喚されましたが、私はただのアラサー女です,38472,38474,38488,38502,38514,38512,38510,38528,0,0,0,0,0,0,0,0,0,0,0,0,0,0,0,0,0,0,0,0,0,0,0,0,0,0,0,0
4051id,【電子書籍化】転生兄妹は苦労が絶えない,58024,58032,58056,58058,58060,58060,58060,58072,0,0,0,0,0,0,0,0,0,0,0,0,0,0,0,0,0,0,0,0,0,0,0,0,0,0,0,0
7230io,貴方が先に裏切った,24092,24092,24092,24092,24092,24102,24102,24102,0,0,0,0,0,0,0,0,0,0,0,0,0,0,0,0,0,0,0,0,0,0,0,0,0,0,0,0
7188io,婚約破棄され牢に繋がれました、一年後をお楽しみに,0,0,0,0,0,0,0,0,0,0,0,0,0,0,0,0,0,0,0,0,0,0,0,0,0,0,0,0,0,0,0,0,0,0,0,0
7711io,夢をみた令嬢は、すべてを悟る。,13140,13140,13140,13140,13140,13140,13140,13136,0,0,0,0,0,0,0,0,0,0,0,0,0,0,0,0,0,0,0,0,0,0,0,0,0,0,0,0
3216ih,恋とは毒にも薬にも ～夢見の聖女は逃げることにした～,13210,13210,13212,13212,13210,13210,13216,13216,0,0,0,0,0,0,0,0,0,0,0,0,0,0,0,0,0,0,0,0,0,0,0,0,0,0,0,0
7699io,「貴様を愛することはない！」初夜にそう言い放ったのは、十二歳になったばかりの旦那様でした。,7316,7316,7316,7316,7316,7316,7316,7316,0,0,0,0,0,0,0,0,0,0,0,0,0,0,0,0,0,0,0,0,0,0,0,0,0,0,0,0
7369io,国民的アイドルのマネージャーをしていたが身に覚えのないパワハラ疑惑でクビになったので新しいアイドルグループを作ることにする。歌とダンスが下手になったから今更戻ってこいと言われても知りません,10254,10254,10254,10254,10254,10254,10254,10254,0,0,0,0,0,0,0,0,0,0,0,0,0,0,0,0,0,0,0,0,0,0,0,0,0,0,0,0
7325io,誤解されるようなことをしていません,26580,26580,26580,26580,26582,26582,26580,26580,0,0,0,0,0,0,0,0,0,0,0,0,0,0,0,0,0,0,0,0,0,0,0,0,0,0,0,0
7654io,頭ゆるふわ横恋慕聖女様の行く末は,14576,14576,14576,14576,14576,14576,14576,14576,0,0,0,0,0,0,0,0,0,0,0,0,0,0,0,0,0,0,0,0,0,0,0,0,0,0,0,0
7834io,手段は選びません！,57690,57718,57718,57730,57730,57730,57728,57740,0,0,0,0,0,0,0,0,0,0,0,0,0,0,0,0,0,0,0,0,0,0,0,0,0,0,0,0
7582io,ヒロインを殺して幸せを手に入れる話,28770,28770,28770,28770,28770,28770,28770,28770,0,0,0,0,0,0,0,0,0,0,0,0,0,0,0,0,0,0,0,0,0,0,0,0,0,0,0,0
7846io,棚ぼた式悪役令嬢の幸せな日々。by コアラ。,28874,28882,28894,28914,28914,28922,28926,28938,0,0,0,0,0,0,0,0,0,0,0,0,0,0,0,0,0,0,0,0,0,0,0,0,0,0,0,0
7870io,真の王太子殿下は,10682,10682,10682,10692,10698,10698,10698,10698,0,0,0,0,0,0,0,0,0,0,0,0,0,0,0,0,0,0,0,0,0,0,0,0,0,0,0,0
7991io,【短編】「悪役令嬢に転生しましたが、本編終了まではヒロインの邪魔をいたしません」,14258,14258,14258,14258,14258,14258,14258,14258,0,0,0,0,0,0,0,0,0,0,0,0,0,0,0,0,0,0,0,0,0,0,0,0,0,0,0,0
8188io,知らない人にぶたれたんだけど多分人違いなんですが,14688,14688,14686,14686,14686,14686,14684,14684,0,0,0,0,0,0,0,0,0,0,0,0,0,0,0,0,0,0,0,0,0,0,0,0,0,0,0,0
0530ig,ボロボロに傷ついた令嬢は初恋の彼の心に刻まれた,24088,24088,24088,24088,24090,24088,24098,24098,0,0,0,0,0,0,0,0,0,0,0,0,0,0,0,0,0,0,0,0,0,0,0,0,0,0,0,0
3115io,35歳独身山田の人生逆転魔法　～現代社会に疲れた俺は異世界でスローライフを楽しむために現代で悪魔と戦って金儲けをしながら異世界村を発展させることにしました～,118246,118270,118284,118308,118318,118316,118324,118328,0,0,0,0,0,0,0,0,0,0,0,0,0,0,0,0,0,0,0,0,0,0,0,0,0,0,0,0
7942io,俺ーLINKS！　～脳内会議のメンバー達が、並行世界の俺自身だった件～,19404,19400,19398,19400,19400,19398,19398,19398,0,0,0,0,0,0,0,0,0,0,0,0,0,0,0,0,0,0,0,0,0,0,0,0,0,0,0,0
8746io,【短編】祈ることにより『その国に必要なもの』を与えられる聖女のお話,23928,23928,23930,23930,23930,23930,23938,23938,0,0,0,0,0,0,0,0,0,0,0,0,0,0,0,0,0,0,0,0,0,0,0,0,0,0,0,0
8773io,人嫌いのはずの素数令息がグイグイ押してくるんですけど,0,0,0,0,0,0,0,0,0,0,0,0,0,0,0,0,0,0,0,0,0,0,0,0,0,0,0,0,0,0,0,0,0,0,0,0
8861io,私はヤンデレ素質のある幼なじみのことを愛している。,10350,10360,10360,10360,10360,10360,10360,10360,0,0,0,0,0,0,0,0,0,0,0,0,0,0,0,0,0,0,0,0,0,0,0,0,0,0,0,0
1784ga,【アニメ放映中】ループ7回目の悪役令嬢は、元敵国で自由気ままな花嫁生活を満喫する,629417,629481,629543,629571,629625,629629,629651,629699,0,0,0,0,0,0,0,0,0,0,0,0,0,0,0,0,0,0,0,0,0,0,0,0,0,0,0,0
8992io,「お前を愛することはできない」と婚約者殿に断言されました。早期のご通達に感謝します,57210,57210,57210,57210,57210,57204,57226,57226,0,0,0,0,0,0,0,0,0,0,0,0,0,0,0,0,0,0,0,0,0,0,0,0,0,0,0,0
9634io,【短編】浮気を繰り返す婚約者が、君を一番愛しているんだよと言ってきた……キモッ,21522,21522,21522,21522,21520,21520,21520,21532,0,0,0,0,0,0,0,0,0,0,0,0,0,0,0,0,0,0,0,0,0,0,0,0,0,0,0,0
5872io,復讐姫にはなりたくないので全て悪役に押し付けます,35632,35640,35642,35644,35644,35640,35640,35638,0,0,0,0,0,0,0,0,0,0,0,0,0,0,0,0,0,0,0,0,0,0,0,0,0,0,0,0
9482io,【短編】今から断罪されそうな偽聖女に転生してしまった～すべてをひっくり返して生き残れ～【修正版】,13938,13950,13950,13950,13950,13940,13938,13940,0,0,0,0,0,0,0,0,0,0,0,0,0,0,0,0,0,0,0,0,0,0,0,0,0,0,0,0
9414io,傍若無人な姉の代わりに働かされていた妹、辺境領地に左遷されたと思ったら待っていたのは王子様でした!?　～無自覚天才錬金術師の辺境街づくり～,16226,16226,16226,16226,16226,16226,16226,16226,0,0,0,0,0,0,0,0,0,0,0,0,0,0,0,0,0,0,0,0,0,0,0,0,0,0,0,0
9435io,よくある婚約破棄の末路,24974,24976,24976,24990,25000,25000,25006,25024,0,0,0,0,0,0,0,0,0,0,0,0,0,0,0,0,0,0,0,0,0,0,0,0,0,0,0,0
9732io,【映画化】元禄世ミリオン忠臣蔵～47万人の赤穂浪士～,7884,7924,7934,7934,7934,7934,7934,7936,0,0,0,0,0,0,0,0,0,0,0,0,0,0,0,0,0,0,0,0,0,0,0,0,0,0,0,0
9749ia,婚約破棄劇の傍観者ですが見ていられません「お兄様やっちゃってください」,45314,45314,45318,45318,45326,45326,45326,45332,0,0,0,0,0,0,0,0,0,0,0,0,0,0,0,0,0,0,0,0,0,0,0,0,0,0,0,0
9750io,魅了魔法の正しい使い方,9504,9504,9506,9506,9504,9504,9506,9512,0,0,0,0,0,0,0,0,0,0,0,0,0,0,0,0,0,0,0,0,0,0,0,0,0,0,0,0
7720id,白い結婚、黒い悪妻 〜贅沢は素敵だ,84192,84202,84232,84258,84286,84284,84294,84294,0,0,0,0,0,0,0,0,0,0,0,0,0,0,0,0,0,0,0,0,0,0,0,0,0,0,0,0
0284ev,悪役令嬢レベル99～私は裏ボスですが魔王ではありません～（←このタイトル間違いでした。本作は”光の魔法と勇者様”です）,254188,254206,254216,254238,254248,254246,254240,254264,0,0,0,0,0,0,0,0,0,0,0,0,0,0,0,0,0,0,0,0,0,0,0,0,0,0,0,0
0091ip,【新連載】傍若無人な姉の代わりに働かされていた妹、辺境領地に左遷されたと思ったら待っていたのは王子様でした!?　～無自覚天才錬金術師の辺境街づくり～,71288,71284,71290,71290,71302,71308,71308,71308,0,0,0,0,0,0,0,0,0,0,0,0,0,0,0,0,0,0,0,0,0,0,0,0,0,0,0,0
9956io,ここ掘れ！悪役令嬢～追放先で最愛を掘り当てました～,33568,33578,33578,33576,33580,33580,33578,33578,0,0,0,0,0,0,0,0,0,0,0,0,0,0,0,0,0,0,0,0,0,0,0,0,0,0,0,0
0271ip,伝説のおばあちゃんのおかげで婚約できました,0,0,0,0,0,0,0,0,0,0,0,0,0,0,0,0,0,0,0,0,0,0,0,0,0,0,0,0,0,0,0,0,0,0,0,0
5878ig,愛憎拗らせる裏切り者に転生したけど主人公に興味がありません……どうしよう,20286,20300,20312,20332,20342,20350,20388,20396,0,0,0,0,0,0,0,0,0,0,0,0,0,0,0,0,0,0,0,0,0,0,0,0,0,0,0,0
0377ie,青い鷹は翼を休めたい,33150,33230,33318,33354,33388,33400,33424,33426,0,0,0,0,0,0,0,0,0,0,0,0,0,0,0,0,0,0,0,0,0,0,0,0,0,0,0,0
0146ip,「あ、これ詰んだわ」乙女ゲームのモブはモブでも、ヒロイン誘拐してヒーローに殺されるモブ転生ってあんまりすぎないか？！,20424,20424,20424,20424,20424,20424,20422,20422,0,0,0,0,0,0,0,0,0,0,0,0,0,0,0,0,0,0,0,0,0,0,0,0,0,0,0,0
0209ip,悪役公爵の養女になったけど、可哀想なパパの闇墜ちを回避して幸せになってみせる！　～原作で断罪されなかった真の悪役は絶対にゆるさない！,27014,27014,27014,27014,27014,27012,27010,27010,0,0,0,0,0,0,0,0,0,0,0,0,0,0,0,0,0,0,0,0,0,0,0,0,0,0,0,0
9209io,【完結】契約妹、はじめました！,13124,13124,13124,13124,13124,13124,13124,13124,0,0,0,0,0,0,0,0,0,0,0,0,0,0,0,0,0,0,0,0,0,0,0,0,0,0,0,0
0499ip,綺麗でも可愛くもない私が異世界へ落ちたなら,23860,23860,23860,23870,23870,23868,23866,23868,0,0,0,0,0,0,0,0,0,0,0,0,0,0,0,0,0,0,0,0,0,0,0,0,0,0,0,0
0851ip,わたくしが何度諭しても、男爵令嬢は「運命なんです！」の一点張り,11832,11832,11832,11832,11832,11832,11832,11832,0,0,0,0,0,0,0,0,0,0,0,0,0,0,0,0,0,0,0,0,0,0,0,0,0,0,0,0
7463io,婚約破棄なんて言ってない！,18646,18646,18646,18646,18646,18646,18646,18654,0,0,0,0,0,0,0,0,0,0,0,0,0,0,0,0,0,0,0,0,0,0,0,0,0,0,0,0
0775ip,悪役令嬢は己の「真実の愛」のために嘘をつかない,19220,19220,19218,19218,19218,19218,19216,19216,0,0,0,0,0,0,0,0,0,0,0,0,0,0,0,0,0,0,0,0,0,0,0,0,0,0,0,0
1028ip,悪役一家の愛され娘になったので、ママの死を回避して幸せエンドを目指します。えっ、やんちゃ王子の遊び相手？　私は殿下より猫の精霊さんが好きですーー！,7254,7254,7254,7254,7252,7250,7250,7250,0,0,0,0,0,0,0,0,0,0,0,0,0,0,0,0,0,0,0,0,0,0,0,0,0,0,0,0
0606ip,お姉様は嘘つきです！　～信じてくれない毒親に期待するのをやめて、私は新しい場所で生きていく！　と思ったら、黒の王太子様がお呼びです？,5996,5996,5996,5996,5996,5996,5996,5996,0,0,0,0,0,0,0,0,0,0,0,0,0,0,0,0,0,0,0,0,0,0,0,0,0,0,0,0
5522ie,一角獣の赤い糸,12858,12868,12890,12892,12914,12914,12916,12916,0,0,0,0,0,0,0,0,0,0,0,0,0,0,0,0,0,0,0,0,0,0,0,0,0,0,0,0
0902ip,全てを腐敗させてしまう恐ろしい辺境伯の元に身代わりで嫁いだ残りカス令嬢は前世の知識があるので無敵です！,0,0,0,0,0,0,0,0,0,0,0,0,0,0,0,0,0,0,0,0,0,0,0,0,0,0,0,0,0,0,0,0,0,0,0,0
0856ip,てめぇの所為だよ,10116,10118,10130,10130,10128,10128,10132,10132,0,0,0,0,0,0,0,0,0,0,0,0,0,0,0,0,0,0,0,0,0,0,0,0,0,0,0,0
8312io,偽聖女だと言われ婚約破棄されました『コンヤクハキ』って何ですか？,30070,30070,30072,30072,30072,30072,30068,30068,0,0,0,0,0,0,0,0,0,0,0,0,0,0,0,0,0,0,0,0,0,0,0,0,0,0,0,0
1211ip,私から婚約者を奪った元友人からパーティに誘われました。～真冬のガーデンパーティは正気の沙汰じゃない～,30948,30948,30954,30956,30956,30956,30952,30954,0,0,0,0,0,0,0,0,0,0,0,0,0,0,0,0,0,0,0,0,0,0,0,0,0,0,0,0
